feature,gain,split
EXT_SOURCES_MEAN,621257.4214103699,1599.2
EXT_SOURCES_NANMEDIAN,297392.40256037714,1345.9
EXT_SOURCES_MIN,229576.35650343896,1346.3
ORGANIZATION_TYPE,178173.8556596756,6817.0
EXT_SOURCES_MAX,129774.30054965019,1030.6
CREDIT_TO_ANNUITY_RATIO,92412.9595416069,2266.2
EXT_SOURCE_3,72297.73371949195,1481.6
CREDIT_TO_GOODS_RATIO,68812.8083782196,1145.5
BUREAU_CONSUMER_DAYS_CREDIT_ENDDATE_MAX,46327.84492735863,1271.0
OCCUPATION_TYPE,38847.29784374237,1052.1
DAYS_EMPLOYED,36612.101764059065,913.1
DAYS_BIRTH,35914.43876042366,1417.5
EXT_SOURCE_2,34512.80327529907,1066.5
EXT_SOURCE_1,34372.43582572937,1218.3
AMT_ANNUITY,34042.15147953034,1148.1
EXT_SOURCES_PROD,32940.00499072075,807.3
BUREAU_ACTIVE_DEBT_CREDIT_DIFF_MEAN,32001.69221959114,885.0
LAST_LOAN_LATE_PAYMENT_mean,31241.220231342315,488.8
LAST_LOAN_DPD_mean,29941.711658859254,413.2
CURRENT_TO_APPROVED_ANNUITY_MAX_RATIO,29598.587340450285,767.2
PREV_LAST24M_SIMPLE_INTERESTS_MAX,28574.96173081398,789.2
CURRENT_TO_APPROVED_ANNUITY_MEAN_RATIO,27608.90714211464,832.7
EMPLOYED_TO_BIRTH_RATIO,27560.560775375365,849.9
NAME_EDUCATION_TYPE,26985.995781517027,343.7
BUREAU_CREDIT_DEBT_CREDIT_DIFF_MEAN,26453.491095542908,916.5
LAST_LOAN_DPD_std,26180.018782424926,375.8
CODE_GENDER,25950.50043025017,528.7
BUREAU_DEBT_CREDIT_DIFF_MEAN,25548.951267433167,715.1
PREV_LAST24M_DAYS_LAST_DUE_1ST_VERSION_MEAN,23870.032793712617,727.7
PREV_NAME_CONTRACT_STATUS_Refused_MEAN,23839.984767532347,515.4
AMT_GOODS_PRICE,23586.02777247429,847.9
BUREAU_ACTIVE_DEBT_PERCENTAGE_MEAN,23583.879483604433,621.1
BUREAU_DEBT_OVER_CREDIT,23564.91583862305,548.0
PREV_Cash_SIMPLE_INTERESTS_MEAN,23219.731613206863,686.1
EXT_SOURCES_WEIGHTED,21568.386036157608,649.3
INS_SIGNIFICANT_LATE_PAYMENT_SUM,21293.97047724724,548.8
INS_36M_DPD_7_MEAN,20842.66875886917,434.1
PREV_LAST24M_DAYS_LAST_DUE_1ST_VERSION_MAX,20621.89865283966,660.4
GROUP_CREDIT_TO_ANNUITY_MEAN,20435.081698226928,773.6
ANNUITY_TO_INCOME_RATIO,20381.353557395934,848.3
PAYMENT_MEAN_TO_ANNUITY_RATIO,20312.988102674484,655.2
DAYS_ID_PUBLISH,19533.80638771057,908.9
PREV_Cash_SIMPLE_INTERESTS_MAX,19052.151791620254,543.3
AMT_CREDIT,18699.21220088005,721.1
GROUP_EXT_SOURCES_STD,18254.51524810791,742.4
BUREAU_ACTIVE_DAYS_CREDIT_MAX,17626.2414498806,704.7
BUREAU_LAST12M_DEBT_PERCENTAGE_MEAN,17399.641344881056,563.6
BUREAU_LAST12M_DEBT_CREDIT_DIFF_MEAN,17249.055112791062,673.8
INCOME_TO_EMPLOYED_RATIO,16900.2248421669,709.5
CC_CNT_DRAWINGS_ATM_CURRENT_MEAN,16894.171104764937,409.8
PREV_DAYS_TERMINATION_MAX,16867.170190668105,772.1
DAYS_REGISTRATION,16618.63037023544,839.7
PREV_Cash_DAYS_LAST_DUE_1ST_VERSION_MAX,16594.653578853606,563.7
EXT_SOURCES_VAR,16409.699233436586,558.9
DAYS_LAST_PHONE_CHANGE,16161.987876319885,787.1
GROUP_EXT_SOURCES_MEDIAN,16151.780341386795,705.2
PHONE_TO_BIRTH_RATIO,15917.784527635575,802.6
BUREAU_CLOSED_DAYS_CREDIT_UPDATE_MAX,15661.885759925843,809.2
BUREAU_ACTIVE_DEBT_OVER_CREDIT,15479.309334421157,586.5
24_TREND_DPD,15456.43513584137,516.3
OWN_CAR_AGE,15375.728248596191,462.4
APPROVED_APPLICATION_CREDIT_DIFF_MAX,15128.557168626785,424.3
PREV_Cash_CNT_PAYMENT_MEAN,15080.070612478255,447.8
CC_LAST_AMT_BALANCE_MEAN,14920.35699777603,408.9
INS_DAYS_ENTRY_PAYMENT_MIN,14895.40140595436,450.9
PREV_Cash_DAYS_LAST_DUE_1ST_VERSION_MEAN,14801.291360473633,547.4
CAR_TO_EMPLOYED_RATIO,14724.999966526031,520.8
CAR_TO_BIRTH_RATIO,14719.497760868073,570.2
BUREAU_CREDIT_DEBT_PERCENTAGE_MEAN,14702.106508016586,465.3
REGION_POPULATION_RELATIVE,14612.8791929245,753.4
POS_MONTHS_BALANCE_SIZE,14551.711805152892,512.9
BUREAU_CLOSED_ENDDATE_DIF_MEAN,14399.216020298005,721.7
CC_LAST_AMT_BALANCE_MAX,14390.946968746186,369.8
BUREAU_DEBT_CREDIT_DIFF_SUM,14267.99047279358,466.3
BUREAU_ACTIVE_CREDIT_TO_INCOME_RATIO,14221.449776029587,649.3
ID_TO_BIRTH_RATIO,14094.844621753693,673.4
120_TREND_DPD,14080.776868534089,512.2
60_TREND_DPD,14056.802969455719,483.5
PREV_Consumer_AMT_ANNUITY_MAX,13950.207801532746,571.8
INS_36M_DPD_MEAN,13870.519588375091,393.5
CREDIT_TO_INCOME_RATIO,13778.448562574387,640.7
BUREAU_DAYS_CREDIT_MAX,13774.06636543274,565.4
INS_LATE_PAYMENT_SUM,13710.146729278564,445.3
PREV_LAST24M_APPLICATION_CREDIT_RATIO_MIN,13613.20938220024,425.2
PREV_CNT_PAYMENT_MEAN,13419.600458097459,450.9
PREV_Consumer_AMT_CREDIT_SUM,13289.121317577363,590.6
PREV_Cash_SIMPLE_INTERESTS_MIN,13279.764551448821,595.1
PAYMENT_MAX_TO_ANNUITY_RATIO,13275.496408748626,451.9
PREV_LAST24M_DAYS_LAST_DUE_1ST_VERSION_MIN,13272.50768108368,539.4
BUREAU_CREDIT_DAYS_CREDIT_MAX,13177.053965044022,622.8
BUREAU_CONSUMER_DAYS_CREDIT_MAX,13170.276939105988,631.6
INS_AMT_PAYMENT_SUM,12971.691515827179,384.8
GROUP_INCOME_MEAN,12909.844870710373,633.0
BUREAU_CLOSED_DAYS_CREDIT_ENDDATE_MAX,12772.46331486702,620.6
BUREAU_CLOSED_DAYS_CREDIT_VAR,12728.221272015571,581.0
PREV_ACTIVE_REMAINING_DEBT_SUM,12727.105251550674,528.2
BUREAU_CREDIT_AMT_CREDIT_SUM_DEBT_MAX,12594.089232206345,566.4
BUREAU_LAST12M_AMT_CREDIT_SUM_SUM,12579.680414438248,524.0
PREV_APPLICATION_CREDIT_DIFF_MAX,12475.726814174652,374.5
APPROVED_AMT_DOWN_PAYMENT_MAX,12443.914688777924,420.3
NAME_FAMILY_STATUS,12422.049198246003,467.0
BUREAU_CREDIT_DAYS_CREDIT_MEAN,12383.962042570114,597.1
BUREAU_ACTIVE_DAYS_CREDIT_ENDDATE_MIN,12246.734716320037,647.0
REFUSED_DAYS_DECISION_MAX,12038.120711898804,457.3
PREV_Consumer_AMT_ANNUITY_MEAN,11991.179687690736,566.2
BUREAU_ACTIVE_AMT_CREDIT_SUM_SUM,11895.865755796432,545.1
BUREAU_CLOSED_DAYS_CREDIT_MAX,11847.70053153038,585.0
INS_60M_DAYS_ENTRY_PAYMENT_MIN,11674.070563983918,447.6
INS_60M_LATE_PAYMENT_RATIO_MEAN,11613.879694652558,328.0
YEARS_BEGINEXPLUATATION_MEDI,11499.78731136322,590.5
12_TREND_DPD,11440.935208511353,471.8
DAYS_CREDIT_MEAN_TO_EMPLOYED,11027.136934588849,558.9
INS_36M_AMT_PAYMENT_MIN,11009.016912984847,468.9
INS_60M_DPD_7_MEAN,10983.16041021347,306.6
BUREAU_DAYS_CREDIT_ENDDATE_MAX,10892.421165943146,527.4
BUREAU_CONSUMER_AMT_CREDIT_SUM_MEAN,10890.402258872986,519.0
CC_CNT_DRAWINGS_CURRENT_MEAN,10868.230699205398,331.1
INCOME_TO_BIRTH_RATIO,10785.569099092483,557.2
GROUP_CREDIT_MEAN,10761.312422180175,513.2
CC_LIMIT_USE_MAX,10697.762058496475,362.7
INS_36M_DPD_VAR,10606.699867200852,332.4
TOTALAREA_MODE,10542.175632381439,478.8
BUREAU_DAYS_CREDIT_MEAN,10532.070776081086,452.4
GROUP_CREDIT_TO_ANNUITY_STD,10422.909656238557,556.6
PREV_ACTIVE_REMAINING_DEBT_MAX,10406.353570842743,435.7
GROUP_INCOME_STD,10376.394209337235,541.5
BUREAU_ACTIVE_DAYS_CREDIT_ENDDATE_MAX,10338.394354724884,511.0
CURRENT_TO_APPROVED_CREDIT_MIN_RATIO,10266.281892347335,511.9
PREV_NAME_CONTRACT_STATUS_Approved_MEAN,10252.080306053162,263.0
BUREAU_CLOSED_AMT_CREDIT_SUM_MEAN,10212.219156599045,518.0
PREV_Consumer_APPLICATION_CREDIT_RATIO_MEAN,10172.686656093598,442.3
BUREAU_CLOSED_AMT_CREDIT_SUM_SUM,10133.768025112153,464.5
BUREAU_CREDIT_DAYS_CREDIT_ENDDATE_MAX,10129.636627292633,538.7
BUREAU_LAST12M_AMT_CREDIT_SUM_MAX,10122.706529045105,453.7
APPROVED_SIMPLE_INTERESTS_MIN,10121.378312301636,354.5
BUREAU_ACTIVE_DAYS_CREDIT_UPDATE_MIN,10071.66245970726,512.0
INS_36M_DAYS_ENTRY_PAYMENT_MEAN,10025.99786081314,464.2
PREV_HOUR_APPR_PROCESS_START_MEAN,10025.895062303543,495.1
DAYS_CREDIT_MEAN_TO_BIRTH,9980.95062122345,482.1
GROUP_ANNUITY_MEAN,9967.062369060517,510.4
NEW_DOC_KURT,9960.056430149078,220.7
INS_36M_DAYS_ENTRY_PAYMENT_MIN,9945.081822633743,444.2
INS_36M_LATE_PAYMENT_RATIO_MEAN,9884.319515419007,319.0
INS_60M_DAYS_ENTRY_PAYMENT_MEAN,9880.922203826904,433.0
GROUP_ANNUITY_STD,9811.427212429047,513.8
PREV_APPLICATION_CREDIT_RATIO_MEAN,9758.404619693756,410.2
BUREAU_ACTIVE_AMT_CREDIT_MAX_OVERDUE_MAX,9699.490981149673,355.0
DAYS_DECISION_MEAN_TO_EMPLOYED,9657.36277074814,485.2
BUREAU_ACTIVE_DAYS_CREDIT_MEAN,9641.015869426727,485.6
BUREAU_ACTIVE_DAYS_CREDIT_UPDATE_MEAN,9597.106226921082,496.9
POS_REMAINING_INSTALMENTS,9596.037197303773,376.1
BUREAU_CLOSED_AMT_CREDIT_SUM_MAX,9500.246297454834,457.7
PREV_Consumer_DAYS_LAST_DUE_1ST_VERSION_MEAN,9489.330519247054,443.6
INS_36M_DBD_VAR,9404.99902381897,480.8
REGION_RATING_CLIENT_W_CITY,9334.409704065323,304.8
INS_36M_DAYS_ENTRY_PAYMENT_MAX,9332.865495061875,464.7
BUREAU_CONSUMER_DEBT_CREDIT_DIFF_MEAN,9325.543838644027,474.4
BUREAU_AMT_CREDIT_SUM_MEAN,9292.060956192017,448.7
BUREAU_CONSUMER_AMT_CREDIT_SUM_MAX,9289.138605308533,443.0
PAYMENT_MIN_TO_ANNUITY_RATIO,9165.00952425003,414.8
PREV_Consumer_SIMPLE_INTERESTS_VAR,9110.21880235672,468.0
INS_12M_CNT_DRAWINGS_ATM_CURRENT_MEAN,9097.861392402649,214.8
BUREAU_CREDIT_AMT_CREDIT_SUM_DEBT_MEAN,9070.532667589188,416.5
PREV_Cash_DAYS_DECISION_MAX,9022.161768484115,480.3
PREV_LAST24M_DAYS_DECISION_MIN,9015.437109136581,465.3
INS_60M_DBD_VAR,8995.57268781662,462.3
BUREAU_CONSUMER_AMT_CREDIT_SUM_DEBT_MEAN,8990.22638463974,379.3
BUREAU_AMT_CREDIT_SUM_SUM,8953.468667793273,380.0
PREV_APPLICATION_CREDIT_RATIO_VAR,8951.46718082428,465.5
DEF_30_CNT_SOCIAL_CIRCLE,8919.957129478455,293.5
BUREAU_DAYS_CREDIT_MIN,8893.888013124466,464.5
BUREAU_LAST12M_AMT_CREDIT_SUM_DEBT_MEAN,8879.841256189346,409.1
LIVINGAREA_AVG,8862.44131784439,412.7
BUREAU_INCOME_CREDIT_RATIO,8822.560930347443,445.2
PREV_LAST24M_DAYS_DECISION_MEAN,8780.498842811585,447.6
POS_MONTHS_BALANCE_MIN,8740.933045387268,373.7
BUREAU_CONSUMER_DAYS_CREDIT_MEAN,8725.967055296898,435.7
PREV_Consumer_APPLICATION_CREDIT_DIFF_VAR,8723.7472823143,444.4
INS_DBD_VAR,8661.1800863266,444.4
PREV_DAYS_DECISION_MEAN,8660.020208120346,352.9
PREV_ACTIVE_DAYS_LAST_DUE_1ST_VERSION_MIN,8642.708233833313,370.1
BUREAU_DAYS_CREDIT_ENDDATE_MIN,8629.232305383683,436.3
INS_36M_DBD_MEAN,8624.977572202682,440.7
CTA_CREDIT_TO_ANNUITY_MEAN_RATIO,8536.863757133484,435.5
PREV_LAST24M_APPLICATION_CREDIT_RATIO_MEAN,8531.797466146945,414.3
BUREAU_CONSUMER_AMT_CREDIT_MAX_OVERDUE_MEAN,8379.694358634948,349.9
INS_DAYS_ENTRY_PAYMENT_MEAN,8358.572231101989,350.1
PREV_Consumer_SIMPLE_INTERESTS_MIN,8313.911646699906,408.1
PREV_AMT_DOWN_PAYMENT_MAX,8307.710364627837,336.1
PREV_Consumer_APPLICATION_CREDIT_RATIO_MIN,8306.331337594986,409.3
PREV_ACTIVE_DAYS_DECISION_MIN,8088.291673660278,405.5
CURRENT_TO_APPROVED_CREDIT_MAX_RATIO,8083.451271915435,359.6
PREV_Consumer_SIMPLE_INTERESTS_MEAN,8067.280756473541,405.9
PREV_CREDIT_TO_ANNUITY_RATIO_MEAN,8066.950140810013,356.3
INS_AMT_INSTALMENT_SUM,8063.565188026429,297.0
PREV_Consumer_APPLICATION_CREDIT_DIFF_MIN,8034.437586927414,408.5
PREV_Consumer_DAYS_LAST_DUE_1ST_VERSION_MAX,8032.378784751892,385.0
INS_36M_AMT_INSTALMENT_MIN,8008.862150430679,382.4
BUREAU_CONSUMER_AMT_CREDIT_SUM_DEBT_MAX,7960.94535536766,357.0
PREV_Cash_APPLICATION_CREDIT_RATIO_MIN,7958.327342319489,307.1
INS_60M_DBD_MEAN,7891.034260225296,399.4
INS_DBD_MEAN,7833.182473230362,394.2
POS_SK_DPD_DEF_MEAN,7830.5493053913115,262.7
PREV_AMT_ANNUITY_MIN,7801.562715291977,394.3
REFUSED_DAYS_DECISION_MEAN,7776.185425615311,297.8
CURRENT_TO_APPROVED_CREDIT_MEAN_RATIO,7763.930872249603,368.0
FLAG_DOCUMENT_3,7737.517240095139,167.8
DAYS_DECISION_MEAN_TO_BIRTH,7723.61663570404,360.4
PREV_Consumer_SIMPLE_INTERESTS_MAX,7699.508513355255,393.6
BUREAU_LAST12M_AMT_CREDIT_SUM_DEBT_SUM,7692.844537544251,360.4
INS_60M_DBD_MAX,7663.095300340652,382.6
BUREAU_CREDIT_ACTIVE_Closed_MEAN,7618.09297838211,264.0
BUREAU_CREDIT_AMT_CREDIT_SUM_MAX,7575.419315433503,386.0
REFUSED_AMT_CREDIT_MIN,7554.99829955101,336.1
BUREAU_CONSUMER_AMT_CREDIT_MAX_OVERDUE_MAX,7550.748791980744,322.1
PREV_ACTIVE_REMAINING_DEBT_MEAN,7539.126337242126,338.7
APPROVED_SIMPLE_INTERESTS_MAX,7523.555756568909,386.2
POS_LOAN_COMPLETED_MEAN,7520.7898886680605,378.5
CC_LIMIT_USE_MEAN,7493.586342525482,232.6
PREV_Consumer_CNT_PAYMENT_MEAN,7487.947569894791,368.4
BUREAU_CREDIT_AMT_CREDIT_SUM_MEAN,7447.408261060715,387.0
INS_DBD_MAX,7442.110649013519,374.6
INS_DAYS_ENTRY_PAYMENT_MAX,7408.818734407425,354.3
APARTMENTS_AVG,7365.192054748535,356.0
INS_AMT_PAYMENT_MIN,7358.2796036243435,373.5
PREV_ACTIVE_AMT_CREDIT_SUM,7355.53126411438,355.3
CTA_CREDIT_TO_ANNUITY_MAX_RATIO,7353.8652471065525,379.0
PREV_AMT_DOWN_PAYMENT_MEAN,7315.586909866333,343.2
PREV_Consumer_APPLICATION_CREDIT_RATIO_MAX,7267.480274009705,328.0
INS_60M_AMT_PAYMENT_SUM,7256.208473443985,285.1
INS_60M_AMT_PAYMENT_MIN,7246.228723716736,361.8
PREV_LAST24M_AMT_ANNUITY_MEAN,7216.046949911118,375.5
APPROVED_CNT_PAYMENT_MEAN,7177.643897151947,303.9
INS_36M_SIGNIFICANT_LATE_PAYMENT_MEAN,7169.527342224121,226.3
PREV_Cash_APPLICATION_CREDIT_DIFF_VAR,7165.7826936244965,348.4
POS_NAME_CONTRACT_STATUS_Active_MEAN,7160.11515917778,365.6
INS_60M_DPD_MEAN,7127.530384778976,240.2
APPROVED_SIMPLE_INTERESTS_MEAN,7124.716064357757,294.7
BUREAU_ACTIVE_AMT_CREDIT_SUM_DEBT_MEAN,7119.18850774765,356.3
APPROVED_AMT_CREDIT_MIN,7104.696030092239,363.1
PREV_Cash_APPLICATION_CREDIT_RATIO_MEAN,7096.863026714325,309.5
APPROVED_DAYS_LAST_DUE_1ST_VERSION_MIN,7081.908002948761,313.1
PREV_Consumer_DAYS_DECISION_MAX,7071.445444917679,357.2
INS_36M_DBD_MAX,7064.4507518291475,358.1
BUREAU_ACTIVE_AMT_CREDIT_SUM_DEBT_SUM,7057.652925682068,329.6
APPROVED_DAYS_LAST_DUE_DIFF_MEAN,7045.890318584442,347.1
BUREAU_ACTIVE_AMT_CREDIT_SUM_MAX,7006.701054763794,346.4
BUREAU_LAST6M_DEBT_PERCENTAGE_MEAN,7000.629808521271,297.6
PREV_LAST24M_AMT_CREDIT_SUM,6979.443374824524,341.7
APPROVED_CREDIT_TO_ANNUITY_RATIO_MEAN,6951.620988082886,315.6
BUREAU_AMT_CREDIT_SUM_MAX,6917.451773500443,323.5
CC_CNT_DRAWINGS_CURRENT_MAX,6900.814026975631,302.3
BUREAU_AMT_CREDIT_SUM_DEBT_MEAN,6895.769014644623,301.8
BUREAU_AMT_CREDIT_MAX_OVERDUE_MAX,6808.563684511185,305.2
BUREAU_LAST6M_AMT_CREDIT_SUM_SUM,6732.261088848114,330.1
APARTMENTS_MODE,6713.493331813812,326.6
BUREAU_AMT_CREDIT_MAX_OVERDUE_MEAN,6695.531799316406,290.3
INS_60M_AMT_INSTALMENT_MIN,6693.634602546692,328.2
PREV_Cash_APPLICATION_CREDIT_DIFF_MIN,6658.163479375839,308.7
INS_36M_AMT_PAYMENT_SUM,6653.02814245224,280.9
PREV_ACTIVE_DAYS_DECISION_MEAN,6645.411812925338,337.6
INS_SK_ID_PREV_SIZE,6600.464700222015,291.4
APPROVED_APPLICATION_CREDIT_RATIO_MEAN,6593.000706195831,331.1
APPROVED_AMT_ANNUITY_MIN,6590.70029258728,332.6
PREV_NAME_TYPE_SUITE_Unaccompanied_MEAN,6547.910598373413,359.4
PREV_LAST12M_DAYS_DECISION_MEAN,6510.992534637451,350.7
PREV_RATE_DOWN_PAYMENT_MEAN,6476.756165885925,338.2
PREV_APPLICATION_CREDIT_DIFF_MEAN,6459.115421915054,316.3
PREV_LAST24M_APPLICATION_CREDIT_DIFF_MIN,6450.465057086944,297.4
PREV_AMT_ANNUITY_MEAN,6411.034658718109,340.0
PREV_LAST12M_SIMPLE_INTERESTS_MAX,6405.061683654785,303.7
BUREAU_ACTIVE_AMT_CREDIT_MAX_OVERDUE_MEAN,6397.749825763703,255.2
INS_36M_AMT_INSTALMENT_MAX,6330.9528444767,290.8
PREV_LAST12M_DAYS_DECISION_MIN,6317.443540859223,343.3
INS_60M_DAYS_ENTRY_PAYMENT_MAX,6313.5130065917965,309.2
AMT_INCOME_TOTAL,6308.190432977676,336.4
INS_AMT_INSTALMENT_MIN,6306.855631351471,307.8
POS_NAME_CONTRACT_STATUS_Completed_MEAN,6288.620299100876,317.3
120_TREND_PAID_OVER_AMOUNT,6208.470375299454,323.8
PREV_LAST24M_SIMPLE_INTERESTS_MEAN,6200.801435565949,302.6
INS_60M_SIGNIFICANT_LATE_PAYMENT_MEAN,6200.509756183625,215.9
BUREAU_LL_STATUS_12345_MEAN,6185.429540348053,316.3
APPROVED_APPLICATION_CREDIT_RATIO_MAX,6184.1888002872465,266.4
APPROVED_DAYS_LAST_DUE_DIFF_MIN,6182.665747880936,300.0
PREV_DAYS_DECISION_MAX,6164.9274729728695,316.2
INS_36M_SK_ID_PREV_SIZE,6158.498980903625,301.1
PREV_ACTIVE_REPAYMENT_RATIO_MEAN,6104.109473705292,273.2
PREV_LAST12M_DAYS_LAST_DUE_1ST_VERSION_MIN,6086.7196124076845,286.6
BUREAU_CREDIT_ACTIVE_Active_MEAN,6027.598822069168,249.0
APPROVED_DAYS_FIRST_DUE_MEAN,5951.371854829788,296.3
INS_36M_AMT_PAYMENT_MEAN,5855.492128562927,285.2
APPROVED_HOUR_APPR_PROCESS_START_MAX,5839.362287521362,257.5
APPROVED_AMT_ANNUITY_MEAN,5835.143898820877,301.5
PREV_RATE_DOWN_PAYMENT_MAX,5826.216462135315,276.6
AGE_RANGE,5809.622336387634,189.2
APPROVED_DAYS_LAST_DUE_1ST_VERSION_MEAN,5786.390319108963,258.9
POS_MONTHS_BALANCE_MAX,5763.877499198914,252.7
REFUSED_APPLICATION_CREDIT_DIFF_VAR,5759.178911018372,259.2
PREV_APPLICATION_CREDIT_RATIO_MAX,5718.874262857437,250.9
PREV_LAST24M_APPLICATION_CREDIT_RATIO_MAX,5660.288393306732,296.7
BUREAU_STATUS_0_MEAN,5656.422323417663,317.3
PREV_LAST12M_DAYS_LAST_DUE_1ST_VERSION_MAX,5655.366841983795,258.8
LAST_LOAN_LATE_PAYMENT_count,5595.29113035202,283.4
APARTMENTS_MEDI,5580.452609157563,270.3
BUREAU_AMT_CREDIT_SUM_DEBT_MAX,5569.349949264526,265.4
REFUSED_APPLICATION_CREDIT_RATIO_MIN,5526.488870954514,194.8
INS_36M_AMT_INSTALMENT_MEAN,5524.029289150238,270.7
PREV_LAST24M_AMT_ANNUITY_MAX,5519.263298511505,282.1
PREV_DAYS_DECISION_MIN,5501.853082895279,251.4
REFUSED_DAYS_DECISION_MIN,5495.7582472324375,251.6
PREV_APPLICATION_CREDIT_RATIO_MIN,5492.753476333618,241.2
REFUSED_APPLICATION_CREDIT_DIFF_MAX,5485.139090538025,233.9
INS_60M_PAYMENT_DIFFERENCE_MEAN,5432.84247469902,240.6
INS_60M_SK_ID_PREV_SIZE,5431.634126472473,261.5
PREV_DOWN_PAYMENT_TO_CREDIT_MEAN,5425.775447320938,276.4
APPROVED_AMT_GOODS_PRICE_MAX,5405.578335905075,251.0
BUREAU_LAST6M_AMT_CREDIT_SUM_MAX,5390.867983675003,276.8
INS_12M_LIMIT_USE_MAX,5360.2965733528135,190.7
APPROVED_DAYS_LAST_DUE_DIFF_MAX,5339.252676343918,271.8
PREV_Cash_SIMPLE_INTERESTS_VAR,5324.9740857124325,294.2
INS_60M_AMT_PAYMENT_MEAN,5306.893710327148,257.2
PREV_APPLICATION_CREDIT_DIFF_MIN,5299.445537614823,267.5
PREV_Cash_AMT_ANNUITY_MEAN,5297.811593198776,278.3
PREV_LAST12M_APPLICATION_CREDIT_RATIO_MIN,5278.535793066025,215.2
INS_36M_LATE_PAYMENT_MEAN,5256.731168794632,221.8
BUREAU_LAST6M_DEBT_CREDIT_DIFF_MEAN,5244.841097545624,253.7
BUREAU_LAST12M_AMT_CREDIT_MAX_OVERDUE_MAX,5242.930239200592,194.3
INS_AMT_INSTALMENT_MAX,5232.771938800812,240.0
BUREAU_AMT_CREDIT_SUM_DEBT_SUM,5223.745875597,240.1
TOTAL_REPAYMENT_RATIO,5197.320829582214,254.9
INS_60M_AMT_INSTALMENT_MEAN,5191.684258699417,261.7
INS_36M_AMT_INSTALMENT_SUM,5189.916009044648,239.0
INS_36M_AMT_PAYMENT_MAX,5187.6763813972475,243.5
APPROVED_AMT_ANNUITY_MAX,5176.56131401062,247.0
PREV_Cash_AMT_CREDIT_SUM,5167.352287483215,257.5
INS_60M_AMT_INSTALMENT_SUM,5163.192067670822,228.6
12_TREND_PAID_OVER_AMOUNT,5159.129725933075,276.2
APPROVED_DAYS_DECISION_MEAN,5137.840177536011,238.0
PREV_LAST12M_DAYS_LAST_DUE_1ST_VERSION_MEAN,5123.497858715057,228.1
INS_PAYMENT_DIFFERENCE_MEAN,5122.7391063213345,221.3
POS_REMAINING_INSTALMENTS_RATIO,5119.315112113953,247.1
PREV_CREDIT_TO_ANNUITY_RATIO_MAX,5079.214228820801,246.4
PREV_ACTIVE_AMT_APPLICATION_MEAN,5043.724990844727,255.9
BUREAU_SK_ID_BUREAU_NUNIQUE,5041.768068695068,243.3
PREV_LAST12M_AMT_ANNUITY_MEAN,5036.119895553589,265.9
INS_DPD_7_MEAN,5026.378081417084,177.9
PREV_ACTIVE_DAYS_LAST_DUE_1ST_VERSION_MEAN,5005.3570828437805,194.8
DEF_60_CNT_SOCIAL_CIRCLE,4961.501823472977,189.1
PREV_Cash_AMT_ANNUITY_MAX,4960.387345409394,266.2
AMT_CREDIT_MAX_OVERDUE,4926.982040596008,212.1
APPROVED_AMT_CREDIT_MEAN,4900.78423871994,244.9
INS_LATE_PAYMENT_RATIO_MEAN,4891.737295103073,236.2
PREV_ACTIVE_DAYS_LAST_DUE_1ST_VERSION_MAX,4872.280236530304,196.9
PREV_LAST12M_AMT_CREDIT_SUM,4852.605425357819,246.9
24_TREND_PAID_OVER_AMOUNT,4829.657898807525,257.2
PREV_ACTIVE_AMT_ANNUITY_SUM,4821.826877117157,242.2
BUREAU_MONTHS_BALANCE_SIZE_MEAN,4796.46153883934,223.1
60_TREND_PAID_OVER_AMOUNT,4769.23507604599,246.1
ENTRANCES_AVG,4766.9121747970585,242.7
APPROVED_CREDIT_TO_ANNUITY_RATIO_MAX,4761.22650718689,231.9
REFUSED_APPLICATION_CREDIT_RATIO_MEAN,4759.931346273423,219.7
FLAG_WORK_PHONE,4750.336499023438,214.2
PREV_ACTIVE_AMT_ANNUITY_MAX,4706.854226493835,234.0
BUREAU_LL_DEBT_CREDIT_DIFF_MEAN,4701.122271633149,228.9
INS_60M_AMT_INSTALMENT_MAX,4697.164375209808,220.4
INS_36M_PAYMENT_DIFFERENCE_MEAN,4685.991847896576,207.1
BUREAU_CLOSED_AMT_CREDIT_MAX_OVERDUE_MEAN,4676.877979898452,225.7
APPROVED_DAYS_TERMINATION_MEAN,4674.183571815491,226.3
APPROVED_AMT_CREDIT_MAX,4669.561666965485,223.0
LAST_LOAN_PAID_OVER_AMOUNT_mean,4669.412436771393,183.4
PREV_AMT_ANNUITY_MAX,4656.671300172806,242.0
BUREAU_ACTIVE_MONTHS_BALANCE_SIZE_MEAN,4647.110540008545,268.4
BUREAU_STATUS_C_MEAN,4627.015741157532,233.0
BUREAU_MICROLOAN_DAYS_CREDIT_MEAN,4622.581952857971,120.7
INS_LATE_PAYMENT_MEAN,4617.445333242416,222.5
INS_60M_DPD_VAR,4616.217782497406,189.7
INS_24M_CNT_DRAWINGS_ATM_CURRENT_MEAN,4600.043126010894,104.3
BUREAU_CLOSED_AMT_CREDIT_MAX_OVERDUE_MAX,4588.273044872284,237.5
PREV_NAME_YIELD_GROUP_middle_MEAN,4580.610406780243,238.4
REFUSED_AMT_CREDIT_MAX,4573.620647954941,203.7
NAME_INCOME_TYPE,4572.773309421539,160.7
INS_36M_PAYMENT_RATIO_MEAN,4564.949857854843,168.7
LAST_LOAN_DPD_max,4561.8231342792515,114.8
INS_AMT_PAYMENT_MEAN,4545.014608716965,218.6
INS_AMT_INSTALMENT_MEAN,4535.851501369476,225.4
PREV_NAME_YIELD_GROUP_low_action_MEAN,4510.89115524292,203.8
APPROVED_DAYS_LAST_DUE_MEAN,4434.7721298217775,207.9
PREV_ACTIVE_AMT_APPLICATION_MAX,4413.28762114048,223.8
PREV_HOUR_APPR_PROCESS_START_MAX,4410.644629859924,216.2
APPROVED_DAYS_FIRST_DUE_MIN,4409.72450299263,206.3
APPROVED_APPLICATION_CREDIT_RATIO_MIN,4404.782501173019,218.2
PREV_LAST12M_APPLICATION_CREDIT_RATIO_MEAN,4401.321927452087,212.4
PREV_PRODUCT_COMBINATION_POS household with interest_MEAN,4378.6486116886135,228.7
BUREAU_MONTHS_BALANCE_MEAN_VAR,4377.226880502701,234.9
BUREAU_LAST12M_AMT_CREDIT_MAX_OVERDUE_MEAN,4377.140299797058,168.5
INS_60M_LATE_PAYMENT_MEAN,4346.045512866974,184.6
BUREAU_LL_AMT_CREDIT_SUM_OVERDUE_MEAN,4326.131926250458,234.2
REFUSED_AMT_APPLICATION_MAX,4291.848929405212,196.1
BUREAU_STATUS_X_MEAN,4275.763261628151,234.9
INS_DPD_MEAN,4266.022977638245,201.1
BUREAU_CREDIT_TYPE_Credit card_MEAN,4239.011682367325,220.3
BUREAU_MONTHS_BALANCE_MEAN_MEAN,4227.608668136597,212.4
REFUSED_APPLICATION_CREDIT_DIFF_MEAN,4226.170088577271,184.7
INS_AMT_PAYMENT_MAX,4179.652510166168,191.9
PREV_LAST12M_AMT_ANNUITY_MAX,4172.831851577759,215.4
REFUSED_APPLICATION_CREDIT_DIFF_MIN,4137.15022649765,185.7
BUREAU_LAST6M_AMT_CREDIT_SUM_DEBT_SUM,4119.119325780868,209.1
BUREAU_AMT_ANNUITY_MEAN,4113.393829393387,223.6
FLOORSMAX_AVG,4104.573025035858,180.5
BUREAU_ACTIVE_CREDIT_TO_ANNUITY_RATIO_MEAN,4084.351554775238,222.9
PREV_Cash_APPLICATION_CREDIT_RATIO_MAX,4043.2037907123567,204.1
BUREAU_CREDIT_TYPE_Consumer credit_MEAN,4031.1930437088013,207.3
BUREAU_CLOSED_STATUS_12345_MEAN,4010.5514575004577,196.5
INS_12M_LIMIT_USE_MEAN,4010.2687079429625,119.7
CC_AMT_PAYMENT_TOTAL_CURRENT_VAR,3989.890302610397,204.3
REFUSED_CNT_PAYMENT_MEAN,3982.3679218292236,171.5
WEEKDAY_APPR_PROCESS_START,3982.257785272598,249.9
APPROVED_DAYS_DECISION_MIN,3961.570845603943,184.6
PREV_LAST12M_APPLICATION_CREDIT_DIFF_MIN,3958.916540622711,196.6
BUREAU_MONTHS_BALANCE_SIZE_SUM,3952.7993577957154,211.5
REFUSED_CNT_PAYMENT_MAX,3934.98694190979,127.8
BUREAU_MICROLOAN_DAYS_CREDIT_MAX,3933.875310945511,115.1
PREV_NAME_PRODUCT_TYPE_walk-in_MEAN,3929.639160633087,146.4
PREV_CHANNEL_TYPE_Country-wide_MEAN,3914.5844111442566,197.1
INS_SIGNIFICANT_LATE_PAYMENT_MEAN,3897.2720708847046,187.0
BUREAU_ACTIVE_MONTHS_BALANCE_MEAN_MEAN,3871.9800517082213,206.2
POS_SK_DPD_DEF_MAX,3862.77819108963,157.8
LAST_LOAN_PAID_OVER_AMOUNT_std,3814.7293451309206,196.4
PREV_ACTIVE_AMT_PAYMENT_SUM,3760.920751810074,193.5
PREV_ACTIVE_CNT_PAYMENT_SUM,3754.976829242706,159.5
APPROVED_DAYS_LAST_DUE_1ST_VERSION_MAX,3753.4203743457792,167.4
PREV_LAST12M_SIMPLE_INTERESTS_MEAN,3738.9372901916504,187.1
PREV_NAME_YIELD_GROUP_low_normal_MEAN,3734.821384906769,194.8
INS_60M_AMT_PAYMENT_MAX,3711.4517380714415,174.7
APPROVED_HOUR_APPR_PROCESS_START_MIN,3687.5200684547426,185.6
PREV_LAST12M_APPLICATION_CREDIT_RATIO_MAX,3678.231094264984,199.6
BUREAU_ACTIVE_MONTHS_BALANCE_MEAN_VAR,3666.44346036911,205.5
PREV_ACTIVE_INSTALMENT_PAYMENT_DIFF_MEAN,3666.2119525909425,169.5
INS_DPD_VAR,3647.6835587501528,173.1
PREV_NAME_CLIENT_TYPE_New_MEAN,3646.3983001708984,167.6
PREV_NAME_TYPE_SUITE_Family_MEAN,3643.707815551758,188.4
INS_PAYMENT_RATIO_MEAN,3612.132109594345,156.0
PREV_CHANNEL_TYPE_AP+ (Cash loan)_MEAN,3602.3169515609743,171.5
PREV_NAME_YIELD_GROUP_XNA_MEAN,3589.1539786815642,178.4
REFUSED_AMT_APPLICATION_MEAN,3565.2709309101106,178.2
CC_PAYMENT_DIV_MIN_MIN,3554.9024797439574,210.4
PREV_ACTIVE_SIMPLE_INTERESTS_MEAN,3539.4831035614015,173.4
LAST_LOAN_DPD_sum,3493.732374954224,123.5
PREV_NAME_YIELD_GROUP_high_MEAN,3484.9095727443696,172.0
PREV_ACTIVE_INSTALMENT_PAYMENT_DIFF_MAX,3477.812991952896,156.5
DOCUMENT_COUNT,3458.014900970459,149.1
PREV_CNT_PAYMENT_MAX,3437.8328585624695,105.3
CC_CNT_DRAWINGS_POS_CURRENT_MEAN,3395.6804443359374,171.2
BUREAU_MICROLOAN_AMT_CREDIT_SUM_MEAN,3382.4401893615723,93.2
POS_NAME_CONTRACT_STATUS_Signed_MEAN,3359.752730178833,176.5
REG_CITY_NOT_LIVE_CITY,3345.2420038223268,138.9
BUREAU_LAST6M_AMT_CREDIT_SUM_DEBT_MEAN,3339.797225189209,180.4
LAST_LOAN_PAID_OVER_AMOUNT_min,3241.566955089569,158.6
PREV_CHANNEL_TYPE_Credit and cash offices_MEAN,3239.3153096199035,176.7
POS_SK_ID_PREV_NUNIQUE,3236.6375472068785,97.0
INS_60M_PAYMENT_RATIO_MEAN,3169.172134923935,130.1
PREV_HOUR_APPR_PROCESS_START_MIN,3160.7443528652193,161.4
PREV_PRODUCT_COMBINATION_POS industry with interest_MEAN,3122.3348435401917,178.3
BUREAU_ACTIVE_MONTHS_BALANCE_SIZE_SUM,3062.3052175045013,159.8
INS_36M_DPD_MAX,3056.520251750946,134.0
PREV_CHANNEL_TYPE_Stone_MEAN,3035.2141695022583,159.8
PREV_NAME_CONTRACT_TYPE_Consumer loans_MEAN,3008.7568691253664,129.3
CC_AMT_PAYMENT_TOTAL_CURRENT_MAX,3001.100914096832,153.3
BUREAU_MORTGAGE_AMT_CREDIT_SUM_MAX,2999.56130566597,129.0
PREV_PRODUCT_COMBINATION_Cash X-Sell: middle_MEAN,2987.094536304474,159.1
AMT_REQ_CREDIT_BUREAU_QRT,2930.3244156360624,154.7
PREV_NAME_PRODUCT_TYPE_XNA_MEAN,2909.057392501831,148.2
BUREAU_MICROLOAN_AMT_CREDIT_SUM_MAX,2907.615762901306,70.4
LAST_LOAN_PAID_OVER_count,2878.341286754608,144.2
PREV_NAME_CLIENT_TYPE_Refreshed_MEAN,2853.9054762363435,171.7
BUREAU_LAST12M_AMT_CREDIT_SUM_OVERDUE_MEAN,2846.1565869808196,116.1
REGION_RATING_CLIENT,2830.8210603713987,100.8
PREV_NAME_CLIENT_TYPE_Repeater_MEAN,2802.395718193054,142.3
BUREAU_STATUS_1_MEAN,2796.545669078827,134.9
LAST_LOAN_PAID_OVER_AMOUNT_sum,2795.5803558826447,148.7
ENTRANCES_MEDI,2788.5508317947388,145.6
BUREAU_CREDIT_AMT_CREDIT_MAX_OVERDUE_MEAN,2783.8713598251343,151.3
CC_PAYMENT_DIV_MIN_MEAN,2782.9997079372406,125.5
BUREAU_LAST12M_STATUS_0_MEAN,2768.39745016098,155.8
CC_AMT_PAYMENT_TOTAL_CURRENT_MEAN,2747.064112186432,133.7
APPROVED_DAYS_LAST_DUE_MAX,2742.924049949646,133.1
CC_MONTHS_BALANCE_MIN,2722.5120743751527,135.1
WALLSMATERIAL_MODE,2710.1276507854463,133.3
BUREAU_CREDIT_AMT_CREDIT_MAX_OVERDUE_MAX,2704.626123857498,143.2
PREV_PRODUCT_COMBINATION_POS mobile with interest_MEAN,2695.629761695862,138.2
PREV_ACTIVE_CNT_PAYMENT_MEAN,2661.673881626129,119.1
PREV_LAST24M_NAME_CONTRACT_TYPE_Revolving loans_MEAN,2644.346387386322,123.3
BUREAU_STATUS_12345_MEAN,2639.58163022995,124.6
BUREAU_MICROLOAN_AMT_CREDIT_SUM_DEBT_MEAN,2627.8736439704894,81.0
CC_AMT_PAYMENT_TOTAL_CURRENT_SUM,2616.574673652649,137.1
BUREAU_MORTGAGE_AMT_CREDIT_SUM_MEAN,2588.5886048316956,111.8
INS_24M_LIMIT_USE_MAX,2567.8058641433718,88.0
POS_SK_DPD_DEF_SUM,2539.484031677246,110.3
FLOORSMAX_MEDI,2533.3455642700196,109.1
PREV_NAME_PRODUCT_TYPE_x-sell_MEAN,2497.9696350574495,128.1
INS_DPD_MAX,2483.796491241455,127.2
LATE_PAYMENT_SUM,2477.137779712677,127.4
PREV_NAME_CONTRACT_STATUS_Canceled_MEAN,2441.4155054569246,143.4
PREV_NAME_CONTRACT_TYPE_Cash loans_MEAN,2437.058072948456,125.4
POS_LATE_PAYMENT_MEAN,2285.852681827545,114.5
PREV_PRODUCT_COMBINATION_Cash_MEAN,2285.746386861801,123.1
APPROVED_CNT_PAYMENT_MAX,2218.1339789390563,85.1
INS_48M_CNT_DRAWINGS_ATM_CURRENT_MEAN,2203.978469467163,51.6
PREV_LAST24M_NAME_CONTRACT_TYPE_Cash loans_MEAN,2181.4450015068055,108.5
BUREAU_MICROLOAN_DAYS_CREDIT_ENDDATE_MAX,2162.103934431076,76.5
REFUSED_NAME_CONTRACT_TYPE_Cash loans_MEAN,2131.133675098419,87.9
"PREV_NAME_TYPE_SUITE_Spouse, partner_MEAN",2110.2741931915284,114.9
PREV_CHANNEL_TYPE_Regional / Local_MEAN,2105.8223465919496,113.2
CC_CNT_DRAWINGS_CURRENT_SUM,2083.337005329132,104.7
PREV_LAST24M_NAME_CONTRACT_TYPE_Consumer loans_MEAN,2078.4605309963226,96.4
INS_60M_DPD_MAX,2074.7620346546173,100.3
REFUSED_NAME_CONTRACT_TYPE_Consumer loans_MEAN,2071.9795557022094,75.4
BUREAU_AMT_CREDIT_SUM_OVERDUE_MAX,2066.552219390869,63.3
BUREAU_CREDIT_TYPE_Microloan_MEAN,2060.6585923671723,64.0
PREV_SK_ID_PREV_NUNIQUE,2005.458550453186,104.2
CC_AMT_DRAWINGS_ATM_CURRENT_MAX,1943.7260823249817,99.8
CC_AMT_DRAWINGS_ATM_CURRENT_SUM,1932.6111463546754,96.6
CC_AMT_DRAWINGS_POS_CURRENT_SUM,1924.0634316921235,110.9
POS_NAME_CONTRACT_STATUS_Returned to the store_MEAN,1897.3786648750306,101.2
CC_AMT_BALANCE_MAX,1879.3970122337341,86.0
POS_COMPLETED_BEFORE_MEAN,1871.4440709114074,101.5
PREV_CHANNEL_TYPE_Contact center_MEAN,1854.6640667915344,105.2
POS_SK_DPD_VAR,1842.3759437561034,97.8
PREV_PRODUCT_COMBINATION_Cash X-Sell: low_MEAN,1842.2917081832886,97.6
INS_60M_DPD_15_MEAN,1823.3330283164978,82.9
INS_DPD_15_MEAN,1817.6556904792785,89.2
POS_SK_DPD_MEAN,1794.9430416584014,88.9
BUREAU_AMT_CREDIT_SUM_OVERDUE_MEAN,1774.5153903961182,58.4
BUREAU_CAR_AMT_CREDIT_SUM_MAX,1754.57073264122,103.7
BUREAU_MICROLOAN_AMT_CREDIT_SUM_DEBT_MAX,1745.499600315094,51.8
BUREAU_CLOSED_AMT_CREDIT_SUM_DEBT_SUM,1735.759173965454,88.7
CC_AMT_TOTAL_RECEIVABLE_MEAN,1713.969223880768,75.4
INS_12M_AMT_BALANCE_MEAN,1703.3852920532227,70.0
BUREAU_ACTIVE_AMT_CREDIT_SUM_OVERDUE_MAX,1702.3509488105774,50.0
CC_AMT_DRAWINGS_POS_CURRENT_MAX,1695.9437491893768,92.8
INS_24M_LIMIT_USE_MEAN,1687.6867036819458,51.9
PREV_PRODUCT_COMBINATION_Cash X-Sell: high_MEAN,1685.469771051407,87.4
FLOORSMAX_MODE,1675.5037004947662,78.4
PREV_NAME_CONTRACT_TYPE_Revolving loans_MEAN,1667.7370881080628,86.1
BUREAU_ACTIVE_AMT_CREDIT_SUM_OVERDUE_MEAN,1647.3435094356537,66.4
POS_SK_DPD_MAX,1633.7916136741637,88.7
BUREAU_CAR_DEBT_CREDIT_DIFF_MEAN,1628.3729578971863,92.4
PREV_PRODUCT_COMBINATION_POS household without interest_MEAN,1622.8243614673615,83.7
POS_SK_DPD_SUM,1615.1608221054078,87.8
CC_AMT_DRAWINGS_CURRENT_MAX,1605.7813088417054,80.4
BUREAU_CLOSED_AMT_CREDIT_SUM_DEBT_MAX,1601.0674604415894,80.8
PREV_PRODUCT_COMBINATION_POS other with interest_MEAN,1593.5926306724548,87.6
CC_AMT_INST_MIN_REGULARITY_MEAN,1582.7874003410338,80.6
CC_CNT_DRAWINGS_ATM_CURRENT_SUM,1569.8946128368377,78.0
CC_AMT_CREDIT_LIMIT_ACTUAL_MAX,1540.5641867637635,84.3
CC_AMT_INST_MIN_REGULARITY_MAX,1533.7461618423463,71.7
BUREAU_CAR_AMT_CREDIT_SUM_MEAN,1522.0999410629272,90.3
BUREAU_CREDIT_ACTIVE_Sold_MEAN,1478.78399477005,78.8
REFUSED_NAME_CONTRACT_TYPE_Revolving loans_MEAN,1453.7151084899901,69.2
BUREAU_MORTGAGE_DAYS_CREDIT_MEAN,1437.5418970108033,74.4
PREV_PRODUCT_COMBINATION_POS mobile without interest_MEAN,1430.3478267669677,80.6
PREV_PRODUCT_COMBINATION_Card Street_MEAN,1419.9283654689789,72.5
BUREAU_MICROLOAN_DEBT_CREDIT_DIFF_MEAN,1418.2274480819701,45.8
CC_CNT_DRAWINGS_ATM_CURRENT_MAX,1417.242949295044,61.5
CC_AMT_DRAWINGS_CURRENT_SUM,1413.3676297187806,71.7
BUREAU_AMT_CREDIT_SUM_OVERDUE_SUM,1399.2036544799805,40.5
CC_LATE_PAYMENT_SUM,1377.4870147228241,84.9
PREV_PRODUCT_COMBINATION_Card X-Sell_MEAN,1372.750808620453,72.8
PREV_LAST12M_NAME_CONTRACT_TYPE_Cash loans_MEAN,1366.5521483421326,70.6
INS_36M_DPD_15_MEAN,1356.8981623649597,63.2
APPROVED_SK_ID_PREV_NUNIQUE,1340.787805366516,64.5
APPROVED_DAYS_FIRST_DRAWING_MEAN,1338.6756816864013,68.8
BUREAU_CREDIT_TYPE_Mortgage_MEAN,1330.1506972312927,58.6
PREV_PRODUCT_COMBINATION_Cash Street: middle_MEAN,1327.9586426734925,70.4
PREV_NAME_CONTRACT_STATUS_Unused offer_MEAN,1322.7811428070067,75.4
PREV_LAST12M_NAME_CONTRACT_TYPE_Revolving loans_MEAN,1322.5902553558349,69.7
BUREAU_MORTGAGE_DAYS_CREDIT_MAX,1321.3282466888427,69.2
CC_AMT_TOTAL_RECEIVABLE_MAX,1266.3977268218994,58.2
BUREAU_CONSUMER_DEBT_PERCENTAGE_MEAN,1265.4857342720031,66.7
PREV_CHANNEL_TYPE_Channel of corporate sales_MEAN,1262.6197757720947,81.6
PREV_LAST12M_NAME_CONTRACT_TYPE_Consumer loans_MEAN,1249.9662899971008,63.3
INS_48M_LIMIT_USE_MAX,1207.5700155258178,42.3
PREV_NAME_TYPE_SUITE_Other_B_MEAN,1187.8566638946534,64.9
NAME_HOUSING_TYPE,1156.075895214081,74.5
BUREAU_CAR_DAYS_CREDIT_ENDDATE_MAX,1144.630678844452,65.0
INS_SK_ID_PREV_NUNIQUE,1129.4539046287537,51.2
BUREAU_MORTGAGE_DAYS_CREDIT_ENDDATE_MAX,1122.885033082962,62.6
PREV_PRODUCT_COMBINATION_Cash Street: high_MEAN,1093.0888617515564,53.9
BUREAU_LAST6M_AMT_CREDIT_MAX_OVERDUE_MAX,1052.8665256500244,47.1
FLAG_OWN_CAR,1044.41768283844,27.3
INS_PAID_OVER_MEAN,1043.7495469093324,55.1
PREV_ACTIVE_AMT_DOWN_PAYMENT_MAX,1035.7781345367432,57.5
CC_SK_DPD_SUM,1014.094117641449,64.5
BUREAU_MICROLOAN_DEBT_PERCENTAGE_MEAN,940.2108149528503,37.6
BUREAU_CAR_DAYS_CREDIT_MEAN,936.2866634368896,55.9
PREV_NAME_TYPE_SUITE_Children_MEAN,918.2912621498108,53.1
LAST_LOAN_PAID_OVER_mean,915.1871590614319,50.9
BUREAU_MORTGAGE_DEBT_CREDIT_DIFF_MEAN,914.4467160701752,52.5
PREV_NAME_TYPE_SUITE_Other_A_MEAN,896.7691407203674,48.4
BUREAU_LAST6M_AMT_CREDIT_MAX_OVERDUE_MEAN,886.4278425216675,39.4
INS_48M_LIMIT_USE_MEAN,885.1053303718567,26.1
BUREAU_LAST6M_STATUS_0_MEAN,880.3014857292176,50.8
BUREAU_CAR_DAYS_CREDIT_MAX,849.2680606842041,48.4
PREV_ACTIVE_AMT_DOWN_PAYMENT_MEAN,818.6313875198364,46.4
PREV_PRODUCT_COMBINATION_POS industry without interest_MEAN,800.9096671104431,54.0
NAME_CONTRACT_TYPE,786.7341708183288,28.0
BUREAU_CAR_AMT_CREDIT_SUM_DEBT_MEAN,783.0554030418396,43.9
PREV_PRODUCT_COMBINATION_Cash Street: low_MEAN,769.4061575889588,44.6
LAST_LOAN_PAID_OVER_AMOUNT_max,751.9262924194336,42.3
BUREAU_CAR_DEBT_PERCENTAGE_MEAN,750.304221534729,41.3
CC_SK_DPD_MEAN,746.1898380279541,44.1
INS_12M_AMT_BALANCE_MAX,719.2097508430481,31.9
BUREAU_CREDIT_TYPE_Car loan_MEAN,702.8744222640992,44.3
BUREAU_CAR_AMT_CREDIT_SUM_DEBT_MAX,679.7612319946289,38.4
INS_24M_AMT_BALANCE_MEAN,674.9592613220215,29.4
BUREAU_MORTGAGE_AMT_CREDIT_SUM_DEBT_MAX,586.7247964859009,30.6
FLAG_DOCUMENT_8,576.8490962505341,36.4
NAME_TYPE_SUITE,573.3191518783569,37.9
BUREAU_MORTGAGE_AMT_CREDIT_SUM_DEBT_MEAN,532.4129685878754,29.3
INS_12M_SK_DPD_SUM,500.96829586029054,32.4
BUREAU_LAST12M_STATUS_12345_MEAN,499.67021188735964,29.1
PREV_ACTIVE_SK_ID_PREV_NUNIQUE,494.36593475341795,26.0
POS_NAME_CONTRACT_STATUS_Approved_MEAN,485.8466757774353,28.2
BUREAU_MORTGAGE_DEBT_PERCENTAGE_MEAN,417.3320178031921,25.0
CC_SK_DPD_MAX,382.6328814506531,22.8
INS_48M_AMT_BALANCE_MEAN,372.2105421066284,15.7
INS_24M_AMT_BALANCE_MAX,355.348850440979,16.3
BUREAU_CLOSED_AMT_CREDIT_SUM_OVERDUE_MEAN,354.71521654129026,24.2
CC_SK_DPD_DEF_SUM,341.8163366317749,19.5
INS_24M_SK_DPD_SUM,319.119265127182,20.0
FLAG_DOCUMENT_18,301.7809147834778,18.4
LIVE_CITY_NOT_WORK_CITY,282.0510530471802,16.0
BUREAU_CAR_AMT_CREDIT_MAX_OVERDUE_MEAN,245.14113149642944,15.2
AMT_REQ_CREDIT_BUREAU_WEEK,168.94128046035766,10.7
INS_48M_AMT_BALANCE_MAX,158.10213174819947,7.5
INS_12M_SK_DPD_MAX,151.19095764160156,8.6
CC_SK_DPD_DEF_MAX,140.75028982162476,7.7
BUREAU_CAR_AMT_CREDIT_MAX_OVERDUE_MAX,133.14579191207886,8.5
INS_48M_SK_DPD_SUM,120.9439206123352,7.5
BUREAU_LAST6M_STATUS_12345_MEAN,120.39043164253235,8.4
BUREAU_MORTGAGE_AMT_CREDIT_MAX_OVERDUE_MEAN,108.9502320766449,7.4
PREV_NAME_TYPE_SUITE_Group of people_MEAN,80.54610996246338,4.5
LIVE_REGION_NOT_WORK_REGION,80.0558373451233,4.8
PREV_NAME_CLIENT_TYPE_XNA_MEAN,74.14693231582642,4.4
PREV_PRODUCT_COMBINATION_POS others without interest_MEAN,66.70219001770019,4.1
INS_24M_SK_DPD_MAX,64.43925971984864,3.6
AMT_REQ_CREDIT_BUREAU_HOUR,62.53493986129761,3.2
BUREAU_LAST6M_AMT_CREDIT_SUM_OVERDUE_MEAN,58.455329704284665,3.0
BUREAU_MORTGAGE_AMT_CREDIT_MAX_OVERDUE_MAX,45.418417263031,3.1
INS_48M_SK_DPD_MAX,39.51259021759033,2.1
PREV_NAME_CONTRACT_TYPE_XNA_MEAN,25.258950233459473,1.5
POS_NAME_CONTRACT_STATUS_Demand_MEAN,19.4583797454834,1.4
BUREAU_MICROLOAN_AMT_CREDIT_MAX_OVERDUE_MAX,8.276940059661865,0.5
PREV_CHANNEL_TYPE_Car dealer_MEAN,6.629390144348145,0.3
APPROVED_DAYS_FIRST_DRAWING_MAX,5.842440032958985,0.4
BUREAU_MICROLOAN_AMT_CREDIT_MAX_OVERDUE_MEAN,4.963709926605224,0.3
CC_LATE_PAYMENT_MAX,0.0,0.0
